{"cameraMode":{"drawMode":0,"name":"Shaded","section":"Shading Mode"},"sceneLighting":true,"audioPlay":false,"sceneViewState":{"showFog":true,"showMaterialUpdate":false,"showSkybox":true,"showFlares":true,"showImageEffects":true,"showParticleSystems":true,"showVisualEffectGraphs":true,"m_FxEnabled":true},"in2DMode":false,"pivot":{"x":58.48506546020508,"y":2.1273670196533205,"z":5.615307331085205},"rotation":{"x":0.042804282158613208,"y":-0.4011041820049286,"z":0.01891830936074257,"w":0.9149835705757141},"size":3.3158652782440187,"orthographic":false}